graph_type,N,E,L,C
Barabási–Albert,5000,14991,4.055924304860972,0.0048598916726436325
Erdős–Rényi,5000,15006,4.96369473894779,0.0012297670090072124
Rede Geométrica,5000,14968,44.09482712542509,0.5920364302771145
Watts–Strogatz,5000,15000,7.847261452290456,0.4256168075141938

