graph_type,R_squared,α,Δα
Barabási–Albert,0.9757194062851103,51.09256042315257,0.20768888129840712
Erdős–Rényi,0.9914303487873031,52.5841034426344,0.8687378517407268
Geométrica Aleatória,0.8551934455654007,20.433994925697082,0.10877959633863993
Watts–Strogatz,0.9091773101973296,50.27493372280329,0.109232369766403
