graph_type,graph_filename,N,E,D,L,C
Barabási–Albert,/tmp/jl_1ChLur/fad894d2-41c7-4ad9-a668-33c06f13e2de.edgelist,5000,14991,7,4.069850450090018,0.0047270179015098425
Erdős–Rényi,/tmp/jl_VtOG9n/97c1edac-e258-4550-9d2f-ec742a928097.edgelist,5000,15016,16,4.984460732146429,0.0013700918964076859
Rede Geométrica,/tmp/jl_0ihEai/b4561eaa-ef74-472d-945f-e87ce7e79915.edgelist,5000,14889,118,45.68377923584717,0.5988735711349826
Watts–Strogatz,/tmp/jl_sem8QA/4a1b66a0-6d7f-4699-a4f0-51c8f02c08c5.edgelist,5000,15000,14,7.888735827165433,0.4289808042081572
