graph_type,graph_filename,N,E,D,L,C
Barabási–Albert,/tmp/jl_iKeH1G/a97eccad-08aa-4482-ab98-98ad76e7f9c7.edgelist,5000,14991,7,4.0129552310462095,0.0050863323145631505
Erdős–Rényi,/tmp/jl_26LkcZ/dda3f2c9-f87f-4bda-b64b-b97e8d658195.edgelist,5000,15011,12,4.9691794358871775,0.0013346234693537085
Geométrica Aleatória,/tmp/jl_kUBt0J/7d297a03-693e-4a00-aabe-cedd8631119b.edgelist,5000,14848,113,43.726085697139425,0.5854350248151524
Watts–Strogatz,/tmp/jl_4rGgcK/7267f5d6-09e3-43e9-9d0f-90aeab331300.edgelist,5000,15000,14,7.945930546109222,0.4324030683037935
