graph_type,graph_filename,N,E,D,L,C
Barabási–Albert,/tmp/jl_crFx7k/96b7bc22-4319-4ccf-9abf-bff13557089c.edgelist,5000,14991,7,4.068166433286657,0.004529535566628678
Erdős–Rényi,/tmp/jl_xdD0Wx/e04b6508-f0cd-4147-ae75-ac368a2698c0.edgelist,5000,15011,14,4.967721864372875,0.0011972596057911891
Rede Geométrica,/tmp/jl_WdQY4p/596296ab-a310-4b81-905d-4e9d1cfc04b9.edgelist,5000,15085,115,44.14948949789958,0.5948046900304463
Watts–Strogatz,/tmp/jl_G1JQp6/e42f599b-0e4b-494b-9725-23dbd550ae8e.edgelist,5000,15000,14,7.851274014802961,0.4268664529215468
